{
  "dataset": "CDnet2014",
  "sequence": "highway",
  "meta": {
    "H": 120,
    "W": 160,
    "n_frames": 300,
    "t0": 470,
    "t1": 1700,
    "sequence": "highway"
  },
  "resize": [
    120,
    160
  ],
  "max_frames": 300,
  "rpca": {
    "iterations": 32,
    "rank": 13,
    "converged": true,
    "lambda": 0.0036084391824351605,
    "time_sec": 7.140848398208618,
    "pixel_metrics": {
      "precision": 0.777952871086997,
      "recall": 0.9596145171211811,
      "f1": 0.8592873851080159,
      "iou": 0.7532899819727015,
      "tp": 117001.0,
      "fp": 33395.0,
      "fn": 4924.0
    }
  },
  "pca_baseline": {
    "k": 5,
    "variance_at_k": 0.4695714743068323,
    "time_sec": 0.13017582893371582,
    "pixel_metrics": {
      "precision": 0.19342948771428667,
      "recall": 0.9507894197252409,
      "f1": 0.32146070858619685,
      "iou": 0.19151217384696206,
      "tp": 115925.0,
      "fp": 483389.0,
      "fn": 6000.0
    }
  },
  "dss": {
    "zone": [
      42,
      48,
      114,
      120
    ],
    "zone_area_thresh": 20,
    "event_metrics": {
      "precision": 1.0,
      "recall": 0.7142857142857143,
      "f1": 0.8333333333333333,
      "accuracy": 0.9066666666666666,
      "mean_latency_frames": 8.5,
      "events_total": 2,
      "events_detected": 2
    },
    "events": [
      [
        174,
        219
      ],
      [
        276,
        299
      ]
    ],
    "n_inzone_gt_frames": 98
  },
  "figures": {
    "decomposition": "figures\\fig_decomposition_cdnet.png",
    "spectrum": "figures\\fig_singular_spectrum_cdnet.png",
    "convergence": "figures\\fig_convergence_cdnet.png",
    "metrics_bar": "figures\\fig_metrics_bar_cdnet.png",
    "dss_timeline": "figures\\fig_dss_timeline_cdnet.png"
  }
}